"site.no","station.name","LATITUDE","LONGITUDE","owner","last.date","rtd","median","anom","perc","perc.anom","curr.dec"
"10000","AMERY ACRES",-31.1683,117.0828,"BOM",2021-05-18,20.6,12.75,7.85,161.6,61.6,8
"10004","BEACON",-30.4506,117.8631,"BOM",2021-05-18,38.7,10.75,27.95,360,260,10
"10006","BELKA",-31.7292,118.1094,"BOM",2021-05-18,37,10.8,26.2,342.6,242.6,10
"10007","BENCUBBIN",-30.8094,117.8589,"BOM",2021-05-18,42.9,12.05,30.85,356,256,10
"10009","BOLGART",-31.2767,116.5078,"BOM",2021-05-18,34.7,16.7,18,207.8,107.8,8
"10011","BONNIE ROCK",-30.4747,118.3806,"BOM",2021-05-18,26.8,11.1,15.7,241.4,141.4,8
"10019","BURRACOPPIN POST OFFICE",-31.3969,118.4744,"BOM",2021-05-18,61.5,14.2,47.3,433.1,333.1,10
"10022","CARDONIA",-31.5,117.8025,"BOM",2021-05-18,22,11.8,10.2,186.4,86.4,8
"10023","CARTERVILLE",-31.5022,116.9394,"BOM",2021-05-18,37,12.4,24.6,298.4,198.4,9
"10026","GOODLANDS",-30.0617,117.1403,"BOM",2021-05-18,21.2,14.7,6.5,144.2,44.2,7
"10030","WATTONING",-30.7689,118.2189,"BOM",2021-05-18,52.3,8.4,43.9,622.6,522.6,10
"10032","COWCOWING",-30.9972,117.3939,"BOM",2021-05-18,29,10.9,18.1,266.1,166.1,9
"10040","DOODLAKINE",-31.6103,117.8761,"BOM",2021-05-18,15.1,11.1,4,136,36,7
"10041","DOONGIN PEAK",-31.6203,117.4356,"BOM",2021-05-18,32.6,12.1,20.5,269.4,169.4,9
"10042","DOWERIN POST OFFICE",-31.1947,117.03,"BOM",2021-05-18,22.2,13.7,8.5,162,62,8
"10044","BUNGULLA",-31.6247,117.5414,"BOM",2021-05-18,29.4,13.3,16.1,221.1,121.1,8
"10045","EJANDING",-31.0106,117.1319,"BOM",2021-05-18,25.3,11.3,14,223.9,123.9,8
"10055","GABBIN",-30.8017,117.6778,"BOM",2021-05-18,26.5,13.15,13.35,201.5,101.5,8
"10058","GOOMALLING",-31.3017,116.8253,"BOM",2021-05-18,26.4,16.85,9.55,156.7,56.7,7
"10061","HAPPY VALLEY",-31.1422,116.9542,"BOM",2021-05-18,24.2,11.6,12.6,208.6,108.6,8
"10069","JUROKINE",-31.3,116.6,"BOM",2021-05-18,36.1,17.6,18.5,205.1,105.1,9
"10070","KALANNIE",-30.37,117.1119,"BOM",2021-05-18,19.7,14.3,5.4,137.8,37.8,7
"10073","KELLERBERRIN",-31.6192,117.7194,"BOM",2021-05-18,23.5,11.9,11.6,197.5,97.5,8
"10076","KONNONGORRING",-31.0611,116.7311,"BOM",2021-05-18,21.4,11,10.4,194.5,94.5,7
"10077","KOORDA",-30.8261,117.4811,"BOM",2021-05-18,32.9,13.7,19.2,240.1,140.1,9
"10082","KUNUNOPPIN",-31.1139,117.9167,"BOM",2021-05-18,32.6,13.5,19.1,241.5,141.5,9
"10084","GLAMOFF",-30.1069,117.3583,"BOM",2021-05-18,35,13.9,21.1,251.8,151.8,8
"10091","MECKERING",-31.6333,117.0069,"BOM",2021-05-18,35.5,14.3,21.2,248.3,148.3,9
"10092","MERREDIN",-31.4769,118.2778,"BOM",2021-05-18,43.8,12.6,31.2,347.6,247.6,10
"10096","MOLLERIN POST OFFICE",-30.4594,117.5217,"BOM",2021-05-18,31.2,12.05,19.15,258.9,158.9,9
"10097","MONINGARIN",-30.6567,117.2583,"BOM",2021-05-18,27.4,15,12.4,182.7,82.7,8
"10102","MUKINBUDIN",-30.9172,118.2078,"BOM",2021-05-18,56.3,7.9,48.4,712.7,612.7,10
"10111","NORTHAM",-31.6422,116.6692,"BOM",2021-05-18,74.4,19.75,54.65,376.7,276.7,10
"10112","NUNGARIN POST OFFICE",-31.1856,118.0989,"BOM",2021-05-18,40.5,14.4,26.1,281.2,181.2,10
"10115","QUELLINGTON",-31.7733,116.8636,"BOM",2021-05-18,40.8,13.95,26.85,292.5,192.5,10
"10119","KITLANE",-31.7964,118.3939,"BOM",2021-05-18,41.7,12.4,29.3,336.3,236.3,10
"10121","TAMMIN POST OFFICE",-31.645,117.485,"BOM",2021-05-18,31.9,13.6,18.3,234.6,134.6,9
"10124","NANGEENAN",-31.5147,118.1736,"BOM",2021-05-18,33.5,11.1,22.4,301.8,201.8,9
"10125","TOODYAY",-31.5464,116.4583,"BOM",2021-05-18,61.2,20.6,40.6,297.1,197.1,10
"10126","TRAYNING",-31.1167,117.7933,"BOM",2021-05-18,26,12.2,13.8,213.1,113.1,8
"10134","WATTENING",-31.3128,116.5142,"BOM",2021-05-18,32.2,17,15.2,189.4,89.4,8
"10135","WIALKI",-30.4883,118.1242,"BOM",2021-05-18,43.4,11,32.4,394.5,294.5,10
"10136","WIALKI SOUTH",-30.59,118.1486,"BOM",2021-05-18,46.6,10.8,35.8,431.5,331.5,10
"10140","WYALKATCHEM",-31.1817,117.3781,"BOM",2021-05-18,26.8,12.4,14.4,216.1,116.1,9
"10141","XANTIPPE",-30.2903,117.0092,"BOM",2021-05-18,25.3,9.4,15.9,269.1,169.1,9
"10143","YGNATTERING",-31.4008,117.2706,"BOM",2021-05-18,30.7,11,19.7,279.1,179.1,9
"10145","YORKRAKINE",-31.3767,117.5839,"BOM",2021-05-18,23,10.3,12.7,223.3,123.3,8
"10149","CODG CODGEN",-31.3381,117.8158,"BOM",2021-05-18,26.9,10.95,15.95,245.7,145.7,8
"10150","GRASS VALLEY",-31.6372,116.7956,"BOM",2021-05-18,48.8,14.5,34.3,336.6,236.6,10
"10151","HINES HILL",-31.5358,118.0744,"BOM",2021-05-18,29.4,9.9,19.5,297,197,9
"10152","MURESK AGRIC.COLLEGE",-31.75,116.6833,"BOM",2021-05-18,58.2,18.1,40.1,321.5,221.5,10
"10155","CADOUX",-30.7697,117.1347,"BOM",2021-05-18,28.6,15.6,13,183.3,83.3,8
"10156","CALINGIRI",-31.0911,116.4486,"BOM",2021-05-18,27.4,18.2,9.2,150.5,50.5,7
"10165","GREEN HILLS",-31.9422,116.9825,"BOM",2021-05-18,52.9,11.1,41.8,476.6,376.6,10
"10192","JOURERDINE",-30.5769,118.2856,"BOM",2021-05-18,43.5,10.8,32.7,402.8,302.8,10
"10264","KENANDRA",-30.1564,117.82,"BOM",2021-05-18,38.7,12,26.7,322.5,222.5,9
"10286","CUNDERDIN AIRFIELD",-31.6233,117.2206,"BOM",2021-05-18,28,11.95,16.05,234.3,134.3,9
"10295","BALKULING NORTH",-31.9081,117.2322,"BOM",2021-05-18,45.3,15,30.3,302,202,10
"10311","YORK",-31.9008,116.7633,"BOM",2021-05-18,60,17.85,42.15,336.1,236.1,10
"10503","ARDATH",-32.0311,118.0925,"BOM",2021-05-18,57.7,11.2,46.5,515.2,415.2,10
"10505","ARTHUR RIVER COMP",-33.3442,117.0347,"BOM",2021-05-18,27.4,16.5,10.9,166.1,66.1,8
"10508","BADGEBUP",-33.6372,117.9258,"BOM",2021-05-18,44.3,12.55,31.75,353,253,10
"10510","BAROOGA",-33.1658,116.7978,"BOM",2021-05-18,29.5,17,12.5,173.5,73.5,7
"10515","BEVERLEY",-32.1083,116.9225,"BOM",2021-05-18,56,17.5,38.5,320,220,10
"10518","BOORALEE",-32.4028,118.6042,"BOM",2021-05-18,36.8,10.4,26.4,353.8,253.8,10
"10519","BORDEN POST OFFICE",-34.0733,118.2614,"BOM",2021-05-18,36.3,15.6,20.7,232.7,132.7,9
"10520","BOSCABEL",-33.6622,117.0525,"BOM",2021-05-18,48.7,20.6,28.1,236.4,136.4,10
"10524","BROOKTON",-32.3733,117.0047,"BOM",2021-05-18,52.2,16.05,36.15,325.2,225.2,10
"10525","BROOMEHILL POST OFFICE",-33.8478,117.6375,"BOM",2021-05-18,37.8,18.3,19.5,206.6,106.6,9
"10527","BULYEE",-32.38,117.51,"BOM",2021-05-18,65.4,13.3,52.1,491.7,391.7,10
"10528","BUNKIN",-33.2486,117.6597,"BOM",2021-05-18,49.4,14,35.4,352.9,252.9,10
"10530","CHAMINGUP",-33.9158,117.0981,"BOM",2021-05-18,66,24.8,41.2,266.1,166.1,10
"10531","CHERRY TREE",-33.6875,117.2047,"BOM",2021-05-18,26.5,17,9.5,155.9,55.9,7
"10534","COLORADO",-32.4839,117.5639,"BOM",2021-05-18,65.8,12.6,53.2,522.2,422.2,10
"10536","CORRIGIN",-32.3303,117.8717,"BOM",2021-05-18,61,10.7,50.3,570.1,470.1,10
"10537","CRANBROOK",-34.2956,117.5656,"BOM",2021-05-18,24,20.85,3.15,115.1,15.1,7
"10538","CUBALLING POST OFFICE",-32.82,117.1767,"BOM",2021-05-18,56.3,19.2,37.1,293.2,193.2,10
"10540","KENILWORTH TU",-32.4667,116.8,"BOM",2021-05-18,72.7,17.8,54.9,408.4,308.4,10
"10541","NYERILUP",-33.8614,118.8131,"BOM",2021-05-18,34.2,14.5,19.7,235.9,135.9,9
"10542","DARKAN POST OFFICE",-33.335,116.7411,"BOM",2021-05-18,40,18.1,21.9,221,121,8
"10544","DELLYANINE",-33.3967,117.0931,"BOM",2021-05-18,30.3,17.9,12.4,169.3,69.3,8
"10546","DUMBLEYUNG POST OFFICE",-33.3142,117.7361,"BOM",2021-05-18,39.9,16.1,23.8,247.8,147.8,10
"10558","GNOWANGERUP POST OFFICE",-33.9375,118.0064,"BOM",2021-05-18,38,16.1,21.9,236,136,9
"10560","GRAHAM ROCK",-32.5411,119.1108,"BOM",2021-05-18,54.3,9.8,44.5,554.1,454.1,10
"10561","RUSHY POOL",-33.0286,117.3867,"BOM",2021-05-18,58.8,15.8,43,372.2,272.2,10
"10565","HOLT ROCK",-32.6753,119.4125,"BOM",2021-05-18,58,11.05,46.95,524.9,424.9,10
"10566","KENINE HILL",-33.5717,117.2094,"BOM",2021-05-18,32,15.7,16.3,203.8,103.8,8
"10568","HYDEN",-32.4436,118.8967,"BOM",2021-05-18,54.9,11.2,43.7,490.2,390.2,10
"10576","KARLGARIN POST OFFICE",-32.5011,118.7097,"BOM",2021-05-18,44.1,9.35,34.75,471.7,371.7,10
"10581","KING ROCKS",-32.2908,119.1358,"BOM",2021-05-18,59.1,10.6,48.5,557.5,457.5,10
"10582","KOJONUP",-33.8389,117.1506,"BOM",2021-05-18,91.8,20.3,71.5,452.2,352.2,10
"10583","KONDININ POST OFFICE",-32.4956,118.2656,"BOM",2021-05-18,43,12.3,30.7,349.6,249.6,10
"10584","KULIN POST OFFICE",-32.6728,118.1536,"BOM",2021-05-18,51,11.9,39.1,428.6,328.6,10
"10593","LAKE KING POST OFFICE",-33.0878,119.6733,"BOM",2021-05-18,51.7,12,39.7,430.8,330.8,10
"10595","PINGRUP SOUTH",-33.6533,118.5508,"BOM",2021-05-18,39.5,13.2,26.3,299.2,199.2,10
"10606","LAKE CAMM",-32.9339,119.6133,"BOM",2021-05-18,51.9,10.7,41.2,485,385,10
"10611","TRURO",-33.2772,119.7736,"BOM",2021-05-18,45.6,11.1,34.5,410.8,310.8,10
"10612","NAREMBEEN",-32.0669,118.3942,"BOM",2021-05-18,29.6,11.85,17.75,249.8,149.8,9
"10614","NARROGIN",-32.9356,117.1783,"BOM",2021-05-18,47.6,19.4,28.2,245.4,145.4,10
"10619","NYABING POST OFFICE",-33.5431,118.1472,"BOM",2021-05-18,51.8,17.5,34.3,296,196,10
"10620","OAKLAND",-32.305,116.6347,"BOM",2021-05-18,67.1,18.3,48.8,366.7,266.7,10
"10622","ONGERUP",-33.9658,118.4875,"BOM",2021-05-18,33.5,15.15,18.35,221.1,121.1,9
"10625","PINGARING POST OFFICE",-32.755,118.6256,"BOM",2021-05-18,46.7,12.3,34.4,379.7,279.7,10
"10626","PINGELLY",-32.5353,117.0819,"BOM",2021-05-18,59.3,14.9,44.4,398,298,10
"10627","PINGRUP",-33.5353,118.5081,"BOM",2021-05-18,46.7,12.5,34.2,373.6,273.6,10
"10628","QUAIRADING POST OFFICE",-32.0108,117.3997,"BOM",2021-05-18,44.2,14.4,29.8,306.9,206.9,10
"10633","RAVENSTHORPE",-33.5814,120.0442,"BOM",2021-05-18,44.4,15.4,29,288.3,188.3,9
"10635","RIVERDALE",-33.7864,116.905,"BOM",2021-05-18,62.4,19,43.4,328.4,228.4,10
"10636","THE OAKS",-33.1583,117.6697,"BOM",2021-05-18,52.1,15.8,36.3,329.7,229.7,10
"10643","TAMBELLUP",-34.0456,117.6394,"BOM",2021-05-18,39.9,16.25,23.65,245.5,145.5,9
"10647","WAGIN",-33.3081,117.34,"BOM",2021-05-18,53.7,15.85,37.85,338.8,238.8,10
"10651","CLOUGHTON",-32.2925,116.6708,"BOM",2021-05-18,67.1,18.35,48.75,365.7,265.7,10
"10654","WICKEPIN",-32.7831,117.5025,"BOM",2021-05-18,78.4,16.4,62,478,378,10
"10655","WILLIAMS POST OFFICE",-33.0278,116.8786,"BOM",2021-05-18,28.5,20.35,8.15,140,40,7
"10657","YOUANMI",-33.325,117.9292,"BOM",2021-05-18,45.2,11.25,33.95,401.8,301.8,10
"10659","WOODANILLING",-33.5644,117.4322,"BOM",2021-05-18,41.3,14.9,26.4,277.2,177.2,10
"10665","KUKERIN POST OFFICE",-33.1903,118.0811,"BOM",2021-05-18,41.4,13.3,28.1,311.3,211.3,10
"10666","LOCHNAGAR",-32.0408,118.9006,"BOM",2021-05-18,58,10.8,47.2,537,437,10
"10668","KOORIKIN",-32.47,118.1442,"BOM",2021-05-18,42.2,11.3,30.9,373.5,273.5,10
"10692","NEWDEGATE RES.STATION",-33.1139,118.8381,"BOM",2021-05-18,33.2,12.1,21.1,274.4,174.4,9
"10694","TWOLGANUP",-33.9956,117.9164,"BOM",2021-05-18,37.1,13.75,23.35,269.8,169.8,10
"10696","AMRISTA PARK",-32.6617,118.6306,"BOM",2021-05-18,45.4,13.45,31.95,337.5,237.5,10
"10700","KOJONOLOKAN HILLS",-33.4986,117.3117,"BOM",2021-05-18,31.7,14.5,17.2,218.6,118.6,8
"10702","MOUNT WALKER",-32.1011,118.8047,"BOM",2021-05-18,55.8,11.3,44.5,493.8,393.8,10
"10707","JERRAMUNGUP POST OFFICE",-33.9431,118.9189,"BOM",2021-05-18,37.1,16.9,20.2,219.5,119.5,9
"10729","CHILLINUP",-34.3,118.6,"BOM",2021-05-18,59.2,15.85,43.35,373.5,273.5,10
"10792","GAIRDNER",-34.1708,118.9428,"BOM",2021-05-18,44.8,17.95,26.85,249.6,149.6,9
"10797","ELAROO",-34.2539,117.9103,"BOM",2021-05-18,32.8,15.5,17.3,211.6,111.6,9
"10807","BILBARIN",-32.1758,117.9658,"BOM",2021-05-18,56.3,10.8,45.5,521.3,421.3,10
"10823","GLENMORE",-32.2383,117.6361,"BOM",2021-05-18,60,13.4,46.6,447.8,347.8,10
"10851","KATANDRA",-32.8208,119.2925,"BOM",2021-05-18,51.6,11.65,39.95,442.9,342.9,10
"10866","CRANHAM",-33.9331,117.3242,"BOM",2021-05-18,53.4,19.2,34.2,278.1,178.1,10
"10872","DUNELM",-33.1733,118.2458,"BOM",2021-05-18,58.9,13.65,45.25,431.5,331.5,10
"10878","CHESALON",-33.5394,119.655,"BOM",2021-05-18,40,14.6,25.4,274,174,9
"10889","MORDETTA",-32.885,118.6322,"BOM",2021-05-18,47.6,12.2,35.4,390.2,290.2,10
"10894","ESPERIA",-32.635,119.0944,"BOM",2021-05-18,60.1,9.05,51.05,664.1,564.1,10
"10904","SWANARA",-32.1717,118.6136,"BOM",2021-05-18,39.8,10.25,29.55,388.3,288.3,10
"10905","JACUP",-33.8892,119.1075,"BOM",2021-05-18,36.6,16.75,19.85,218.5,118.5,9
"10911","LAKE GRACE",-33.1019,118.4625,"BOM",2021-05-18,63.2,12.35,50.85,511.7,411.7,10
"10916","KATANNING",-33.6869,117.6047,"BOM",2021-05-18,34.6,16.25,18.35,212.9,112.9,9
"10917","WANDERING",-32.67,116.67,"BOM",2021-05-18,40.4,25.1,15.3,161,61,8
"12007","BOODAROCKIN",-31.0622,118.8367,"BOM",2021-05-18,42.5,9.6,32.9,442.7,342.7,10
"12009","NORSEMAN AERO",-32.2147,121.7547,"BOM",2021-05-18,16.9,9.8,7.1,172.4,72.4,8
"12011","BULLFINCH",-30.9886,119.1131,"BOM",2021-05-18,33.9,10.8,23.1,313.9,213.9,9
"12026","BODALLIN SOUTH",-31.6428,118.9011,"BOM",2021-05-18,52.1,12.45,39.65,418.5,318.5,10
"12028","GORYA VALLEY",-33.0383,121.6633,"BOM",2021-05-18,29.5,13,16.5,226.9,126.9,9
"12044","MUNGLINUP WEST",-33.5547,120.6997,"BOM",2021-05-18,39.8,16.3,23.5,244.2,144.2,9
"12054","DOBRA SCRITIA",-31.4172,119.045,"BOM",2021-05-18,47.6,12.1,35.5,393.4,293.4,10
"12056","MOREE",-31.5953,119.1403,"BOM",2021-05-18,48.4,12.3,36.1,393.5,293.5,10
"12064","NOONGAAR",-31.3364,118.9781,"BOM",2021-05-18,49.4,11.4,38,433.3,333.3,10
"12065","NORSEMAN",-32.1992,121.7786,"BOM",2021-05-18,16.6,10.2,6.4,162.7,62.7,7
"12071","SALMON GUMS RES.STN.",-32.9881,121.6225,"BOM",2021-05-18,27.8,14.05,13.75,197.9,97.9,8
"12077","I DUNNO",-32.8617,121.7064,"BOM",2021-05-18,25.5,12,13.5,212.5,112.5,8
"12083","WESTONIA",-31.3025,118.6906,"BOM",2021-05-18,51.4,14.75,36.65,348.5,248.5,10
"12101","SEVEN OAKS",-31.3225,118.5131,"BOM",2021-05-18,56.4,10.95,45.45,515.1,415.1,10
"12114","RICHFIELDS",-33.6861,120.6942,"BOM",2021-05-18,40,15.2,24.8,263.2,163.2,9
"12198","SCADDAN WEST",-33.3856,121.4472,"BOM",2021-05-18,36.1,14.45,21.65,249.8,149.8,8
"12201","YOUANMI VALLEY",-31.7042,119.2356,"BOM",2021-05-18,48.1,10.7,37.4,449.5,349.5,9
"12223","LORT RIVER",-33.225,121.3528,"BOM",2021-05-18,33,13.4,19.6,246.3,146.3,9
"12265","CIRCLE VALLEY",-33.0617,121.7967,"BOM",2021-05-18,28,13.55,14.45,206.6,106.6,9
"12281","MUNGLINUP MELALEUCA",-33.5989,120.7556,"BOM",2021-05-18,38.6,20.75,17.85,186,86,9
"12295","COPPIN ROCK",-31.1131,118.6092,"BOM",2021-05-18,50,10.7,39.3,467.3,367.3,10
"12312","KATTA BAREGA",-33.5917,122.4503,"BOM",2021-05-18,31.7,20.9,10.8,151.7,51.7,8
"12320","SOUTHERN CROSS AIRFIELD",-31.2364,119.3547,"BOM",2021-05-18,33.4,9.1,24.3,367,267,9
"7011","BURNERBINMAH",-28.785,117.3592,"BOM",2021-05-18,39.7,7.25,32.45,547.6,447.6,10
"7027","GABYON",-28.2508,116.3389,"BOM",2021-05-18,16.5,8.75,7.75,188.6,88.6,8
"7068","NINGHAN STATION",-29.4258,117.2894,"BOM",2021-05-18,53.1,9.5,43.6,558.9,458.9,10
"8005","BARBERTON",-30.7306,116.0197,"BOM",2021-05-18,14.7,18.9,-4.2,77.8,-22.2,5
"8008","BERKSHIRE VALLEY 2",-30.5847,116.1342,"BOM",2021-05-18,14.9,15.8,-0.9,94.3,-5.7,5
"8009","BINDI BINDI EAST",-30.6297,116.3847,"BOM",2021-05-18,14.6,16.9,-2.3,86.4,-13.6,5
"8013","BOWGADA",-29.3317,116.1414,"BOM",2021-05-18,19.5,13.5,6,144.4,44.4,7
"8025","CARNAMAH",-29.69,115.8853,"BOM",2021-05-18,22.6,13.85,8.75,163.2,63.2,6
"8028","NABAWA",-28.5008,114.7897,"BOM",2021-05-18,19,15.8,3.2,120.3,20.3,6
"8037","COOROW POST OFFICE",-29.8833,116.0208,"BOM",2021-05-18,32.2,19.05,13.15,169,69,8
"8041","DARTMOOR",-27.9775,115.2103,"BOM",2021-05-18,11.1,10.15,0.949999999999999,109.4,9.4,6
"8044","DONGARA",-29.2531,114.9333,"BOM",2021-05-18,42.6,18.75,23.85,227.2,127.2,8
"8050","GERALDTON WATER SUPPLY",-28.7758,114.6239,"BOM",2021-05-18,28.8,18.9,9.9,152.4,52.4,7
"8051","GERALDTON AIRPORT",-28.7961,114.6961,"BOM",2021-05-18,25.4,18.95,6.45,134,34,6
"8057","GREEN GROVE",-29.55,115.0669,"BOM",2021-05-18,31.5,22.6,8.9,139.4,39.4,7
"8060","SOUTH HOLMWOOD",-29.0375,115.5528,"BOM",2021-05-18,4.8,12.8,-8,37.5,-62.5,3
"8066","KOKARDINE",-30.7022,117.0592,"BOM",2021-05-18,29,14.6,14.4,198.6,98.6,8
"8072","LATHAM POST OFFICE",-29.7592,116.4425,"BOM",2021-05-18,12.5,12,0.5,104.2,4.2,6
"8075","LYNTON",-28.2103,114.305,"BOM",2021-05-18,27,17.65,9.35,153,53,7
"8077","HIGHFIELDS",-29.6017,115.9386,"BOM",2021-05-18,23.5,15.3,8.2,153.6,53.6,7
"8078","MALLEE VALE",-29.2453,115.76,"BOM",2021-05-18,10.1,14.5,-4.4,69.7,-30.3,4
"8084","MANAVI",-30.2619,116.2078,"BOM",2021-05-18,22.1,13.95,8.15,158.4,58.4,7
"8085","MILING POST OFFICE",-30.4931,116.3606,"BOM",2021-05-18,17.1,15.5,1.6,110.3,10.3,6
"8086","MURRUMBAH",-29.1511,115.2408,"BOM",2021-05-18,15,20.5,-5.5,73.2,-26.8,5
"8088","MINGENEW POST OFFICE",-29.1922,115.435,"BOM",2021-05-18,10.7,16.2,-5.5,66,-34,5
"8091","MOORA",-30.6428,116.0058,"BOM",2021-05-18,15.2,17.1,-1.9,88.9,-11.1,5
"8095","MULLEWA",-28.5381,115.5128,"BOM",2021-05-18,6.8,13.1,-6.3,51.9,-48.1,4
"8096","MUMBY",-28.1525,114.5689,"BOM",2021-05-18,13.9,16.6,-2.7,83.7,-16.3,5
"8100","NORTHAMPTON",-28.3461,114.6361,"BOM",2021-05-18,17.2,16.35,0.849999999999998,105.2,5.2,6
"8104","OGILVIE",-28.1544,114.6692,"BOM",2021-05-18,13.3,13.3,0,100,0,5
"8107","PERENJORI POST OFFICE",-29.4403,116.2833,"BOM",2021-05-18,18,13.85,4.15,130,30,7
"8113","RIVERSIDE",-27.8328,114.735,"BOM",2021-05-18,19.2,6.15,13.05,312.2,212.2,7
"8116","SANDSPRINGS",-28.7892,114.9417,"BOM",2021-05-18,18,19.5,-1.5,92.3,-7.7,5
"8120","TENINDEWA",-28.6214,115.3644,"BOM",2021-05-18,8,12.2,-4.2,65.6,-34.4,4
"8121","THREE SPRINGS",-29.5356,115.7614,"BOM",2021-05-18,23.5,18,5.5,130.6,30.6,7
"8124","TARDUN",-28.7939,115.7497,"BOM",2021-05-18,8.3,10.8,-2.5,76.9,-23.1,5
"8130","WATHEROO",-30.3,116.0581,"BOM",2021-05-18,20.5,17.4,3.1,117.8,17.8,7
"8137","WONGAN HILLS",-30.8931,116.7181,"BOM",2021-05-18,19.6,18.7,0.900000000000002,104.8,4.8,6
"8141","WILLI GULLI NORTH",-28.3811,114.4531,"BOM",2021-05-18,21.5,15.5,6,138.7,38.7,6
"8143","YANDANOOKA",-29.2883,115.6314,"BOM",2021-05-18,7.4,16.3,-8.9,45.4,-54.6,4
"8147","YUNA",-28.325,114.9586,"BOM",2021-05-18,7.7,15.7,-8,49,-51,5
"8157","CANNA",-28.8989,115.8617,"BOM",2021-05-18,9.7,15,-5.3,64.7,-35.3,4
"8159","MAYSBORO",-30.9917,116.3542,"BOM",2021-05-18,23.8,19.3,4.5,123.3,23.3,6
"8200","ERADU",-28.6936,115.0408,"BOM",2021-05-18,8.1,13.7,-5.6,59.1,-40.9,4
"8225","ENEABBA",-29.8197,115.2706,"BOM",2021-05-18,31.3,25.25,6.05,124,24,6
"8233","FIVE GUMS - WALBULA STUD",-29.53,116.0625,"BOM",2021-05-18,20.1,11.7,8.4,171.8,71.8,6
"8240","COOLANGATTA 2",-28.8942,115.4517,"BOM",2021-05-18,6.1,12.6,-6.5,48.4,-51.6,3
"8251","KALBARRI",-27.7128,114.1614,"BOM",2021-05-18,55.9,11.15,44.75,501.3,401.3,10
"8254","KONDUT",-30.7103,116.7728,"BOM",2021-05-18,20.2,13.3,6.9,151.9,51.9,7
"8261","MINDARA",-29.0656,115.1739,"BOM",2021-05-18,14.8,17.9,-3.1,82.7,-17.3,5
"8264","WANARRA",-29.5161,116.8006,"BOM",2021-05-18,30.9,10.1,20.8,305.9,205.9,9
"8273","ARENA",-29.3625,115.4447,"BOM",2021-05-18,17.7,18.6,-0.900000000000002,95.2,-4.8,5
"8288","GHURKA",-28.2575,114.6033,"BOM",2021-05-18,17.2,18.6,-1.4,92.5,-7.5,5
"8294","WANDANA",-28.2094,115.285,"BOM",2021-05-18,6.9,9.55,-2.65,72.3,-27.7,4
"8296","MORAWA AIRPORT",-29.205,116.0231,"BOM",2021-05-18,10.4,12.2,-1.8,85.2,-14.8,5
"8297","DALWALLINU",-30.2775,116.6703,"BOM",2021-05-18,39.8,12.65,27.15,314.6,214.6,10
"9006","CHELSEA",-30.6269,115.7783,"BOM",2021-05-18,19.5,22.6,-3.1,86.3,-13.7,5
"9007","CHIDLOW",-31.8633,116.2642,"BOM",2021-05-18,34.6,27.6,7,125.4,25.4,7
"9014","DANDARAGAN WEST",-30.6975,115.5817,"BOM",2021-05-18,33.3,25.95,7.35,128.3,28.3,7
"9018","GINGIN",-31.3481,115.9022,"BOM",2021-05-18,38.6,30.05,8.55,128.5,28.5,7
"9021","PERTH AIRPORT",-31.9283,115.9739,"BOM",2021-05-18,61.6,26.5,35.1,232.5,132.5,8
"9023","JARRAHDALE",-32.3306,116.0539,"BOM",2021-05-18,37.4,50,-12.6,74.8,-25.2,5
"9025","MIDLAND",-31.8689,116.0167,"BOM",2021-05-18,31.3,29.9,1.4,104.7,4.7,6
"9029","MUCHEA TREE FARM",-31.5842,115.9642,"BOM",2021-05-18,25.7,31.4,-5.7,81.8,-18.2,5
"9030","MUNDARING",-31.8989,116.1558,"BOM",2021-05-18,39.1,37.75,1.35,103.6,3.6,6
"9033","NEW NORCIA POST OFFICE",-30.9742,116.2103,"BOM",2021-05-18,17,18.95,-1.95,89.7,-10.3,5
"9037","BADGINGARRA RESEARCH STN",-30.3392,115.5378,"BOM",2021-05-18,21.2,21.95,-0.75,96.6,-3.4,5
"9039","SERPENTINE",-32.3547,116.0033,"BOM",2021-05-18,30.8,37.85,-7.05,81.4,-18.6,5
"9040","WANNAMAL",-31.1442,116.0519,"BOM",2021-05-18,23.2,23.4,-0.199999999999999,99.1,-0.9,5
"9053","PEARCE RAAF",-31.6681,116.0175,"BOM",2021-05-18,21.6,29.7,-8.1,72.7,-27.3,4
"9054","TAMBREY",-30.6044,115.5414,"BOM",2021-05-18,26.6,26.6,0,100,0,5
"9066","GIDGEGANNUP 3",-31.7919,116.1964,"BOM",2021-05-18,32.2,36.6,-4.4,88,-12,5
"9105","WANNEROO",-31.7333,115.7917,"BOM",2021-05-18,43,35.3,7.7,121.8,21.8,7
"9106","GOSNELLS CITY",-32.0503,115.9819,"BOM",2021-05-18,51,30.7,20.3,166.1,66.1,7
"9111","KARNET",-32.4397,116.075,"BOM",2021-05-18,58.9,49.25,9.65,119.6,19.6,6
"9113","ROLEYSTONE",-32.1117,116.0942,"BOM",2021-05-18,33.5,39.35,-5.85,85.1,-14.9,5
"9114","LANCELIN",-31.0175,115.3289,"BOM",2021-05-18,40.4,28.15,12.25,143.5,43.5,7
"9131","JURIEN",-30.3033,115.0367,"BOM",2021-05-18,36.2,31.2,5,116,16,6
"9172","JANDAKOT AERO",-32.1017,115.8781,"BOM",2021-05-18,42.8,31.2,11.6,137.2,37.2,7
"9178","GINGIN AERO",-31.4636,115.8625,"BOM",2021-05-18,28.4,29.35,-0.949999999999999,96.8,-3.2,5
"9194","MEDINA RESEARCH CENTRE",-32.2222,115.8067,"BOM",2021-05-18,27,38.05,-11.05,71,-29,4
"9225","PERTH METRO",-31.92,115.8714,"BOM",2021-05-18,62.2,30.55,31.65,203.6,103.6,8
"9240","BICKLEY",-32.0083,116.1347,"BOM",2021-05-18,77.6,42.3,35.3,183.5,83.5,8
"9500","ALBANY",-35.0097,117.8836,"BOM",2021-05-18,45.8,39,6.8,117.4,17.4,7
"9503","BOYANUP POST OFFICE",-33.4839,115.7267,"BOM",2021-05-18,70.8,42.85,27.95,165.2,65.2,8
"9504","BOYUP BROOK",-33.8333,116.3883,"BOM",2021-05-18,35.3,32.4,2.9,109,9,6
"9505","BALINGUP POST OFFICE",-33.7875,115.98,"BOM",2021-05-18,44.9,47.3,-2.4,94.9,-5.1,5
"9507","BANNISTER",-32.6842,116.5181,"BOM",2021-05-18,19.4,25.5,-6.1,76.1,-23.9,5
"9510","BRIDGETOWN POST OFFICE",-33.9578,116.1367,"BOM",2021-05-18,26.4,40.15,-13.75,65.8,-34.2,4
"9515","BUSSELTON SHIRE",-33.6622,115.3439,"BOM",2021-05-18,43.6,32.75,10.85,133.1,33.1,6
"9516","CAPEL POST OFFICE",-33.5561,115.5592,"BOM",2021-05-18,63.5,38.9,24.6,163.2,63.2,7
"9518","CAPE LEEUWIN",-34.3742,115.1344,"BOM",2021-05-18,71.2,46.1,25.1,154.4,54.4,7
"9519","CAPE NATURALISTE",-33.5381,115.0183,"BOM",2021-05-18,53,42.25,10.75,125.4,25.4,7
"9521","CARMENDALE",-34.735,117.7217,"BOM",2021-05-18,56.8,29.6,27.2,191.9,91.9,9
"9527","TULLOKE",-33.3983,115.7822,"BOM",2021-05-18,79.2,42.6,36.6,185.9,85.9,8
"9531","DENMARK POST OFFICE",-34.9633,117.3536,"BOM",2021-05-18,19.5,48.95,-29.45,39.8,-60.2,1
"9534","DONNYBROOK",-33.5731,115.8233,"BOM",2021-05-18,78.9,52.6,26.3,150,50,8
"9538","DWELLINGUP FORESTRY",-32.7111,116.0575,"BOM",2021-05-18,60.2,56,4.2,107.5,7.5,6
"9542","ESPERANCE AERO",-33.6856,121.8281,"BOM",2021-05-18,45.6,30.7,14.9,148.5,48.5,8
"9545","FERGUSON",-33.4356,115.8433,"BOM",2021-05-18,82.2,40.15,42.05,204.7,104.7,8
"9547","FOREST GROVE",-34.0725,115.0972,"BOM",2021-05-18,40.2,65.5,-25.3,61.4,-38.6,3
"9552","GREENBUSHES",-33.8411,116.0561,"BOM",2021-05-18,50,42.95,7.05,116.4,16.4,6
"9557","HOPETOUN POST OFFICE",-33.9511,120.1247,"BOM",2021-05-18,49.9,21.85,28.05,228.4,128.4,9
"9561","KENDENUP POST OFFICE",-34.4886,117.6264,"BOM",2021-05-18,23.2,24.9,-1.7,93.2,-6.8,5
"9565","KOJANEERUP",-34.5319,118.2781,"BOM",2021-05-18,89.9,21.75,68.15,413.3,313.3,10
"9573","MANJIMUP",-34.2556,116.1428,"BOM",2021-05-18,17.6,46.3,-28.7,38,-62,2
"9574","MARGARET RIVER POST OFFICE",-33.9525,115.0747,"BOM",2021-05-18,74.5,54.5,20,136.7,36.7,7
"9575","MARRADONG",-32.8567,116.44,"BOM",2021-05-18,17.5,33.6,-16.1,52.1,-47.9,3
"9581","MOUNT BARKER",-34.6256,117.6344,"BOM",2021-05-18,27.5,27.4,0.100000000000001,100.4,0.4,6
"9584","MYRUP",-33.7433,121.9933,"BOM",2021-05-18,38.8,31.15,7.65,124.6,24.6,6
"9585","NANNUP",-33.9778,115.7642,"BOM",2021-05-18,31.8,41.9,-10.1,75.9,-24.1,4
"9587","NEWBICUP",-33.9981,116.4231,"BOM",2021-05-18,26.8,30.35,-3.55,88.3,-11.7,5
"9589","NORNALUP",-34.9986,116.8314,"BOM",2021-05-18,101.9,65.05,36.85,156.6,56.6,9
"9590","NORTHCLIFFE",-34.6353,116.1253,"BOM",2021-05-18,39.8,67.15,-27.35,59.3,-40.7,3
"9592","PEMBERTON",-34.4494,116.0428,"BOM",2021-05-18,26.5,65.8,-39.3,40.3,-59.7,1
"9594","PEPPERMINT GROVE",-34.4361,119.3619,"BOM",2021-05-18,51.7,34,17.7,152.1,52.1,8
"9596","PINJARRA",-32.6278,115.8733,"BOM",2021-05-18,14.1,40.35,-26.25,34.9,-65.1,2
"9599","BARRETT MEADOWS",-34.9808,117.6303,"BOM",2021-05-18,61.8,48.8,13,126.6,26.6,8
"9600","ROSA BROOK",-33.9519,115.19,"BOM",2021-05-18,61,58,3,105.2,5.2,6
"9603","BUSSELTON AERO",-33.6872,115.3994,"BOM",2021-05-18,40.2,39.1,1.09999999999999,102.8,2.8,6
"9607","WHITE GUMS",-34.5486,117.9283,"BOM",2021-05-18,30.4,17.7,12.7,171.8,71.8,8
"9611","WALPOLE",-34.9772,116.7311,"BOM",2021-05-18,111.8,71.65,40.15,156,56,9
"9613","WARNER GLEN",-34.1447,115.2244,"BOM",2021-05-18,68.7,52.5,16.2,130.9,30.9,7
"9614","WAROONA POST OFFICE",-32.8458,115.92,"BOM",2021-05-18,36.2,45.65,-9.45,79.3,-20.7,4
"9616","WESTBOURNE",-34.0928,116.6603,"BOM",2021-05-18,31.9,33.2,-1.3,96.1,-3.9,5
"9617","BRIDGETOWN",-33.9497,116.1278,"BOM",2021-05-18,28.3,40.25,-11.95,70.3,-29.7,4
"9622","WOODPERRY",-33.6244,115.9339,"BOM",2021-05-18,93.8,45.9,47.9,204.4,104.4,9
"9626","PLEASANT VALLEY",-33.7125,121.5597,"BOM",2021-05-18,35.4,23.2,12.2,152.6,52.6,8
"9628","COLLIE",-33.3617,116.1456,"BOM",2021-05-18,40.1,39.6,0.5,101.3,1.3,6
"9631","ESPERANCE DOWNS RESEARCH STN",-33.6058,121.7825,"BOM",2021-05-18,40.7,23.75,16.95,171.4,71.4,8
"9633","TAMAR",-34.8633,118.1106,"BOM",2021-05-18,93.9,33.1,60.8,283.7,183.7,10
"9635","FRANKLAND POST OFFICE",-34.365,117.0825,"BOM",2021-05-18,17.8,27.7,-9.9,64.3,-35.7,4
"9636","COWARAMUP",-33.8269,115.0719,"BOM",2021-05-18,77.6,61.2,16.4,126.8,26.8,7
"9642","WOKALUP",-33.1319,115.8806,"BOM",2021-05-18,33,43.9,-10.9,75.2,-24.8,4
"9654","BREMER BAY",-34.4003,119.3758,"BOM",2021-05-18,50.7,32.7,18,155,55,8
"9657","ROELANDS",-33.2972,115.7769,"BOM",2021-05-18,77.8,46.15,31.65,168.6,68.6,9
"9673","BOKERUP",-34.2519,116.8753,"BOM",2021-05-18,24.8,26.4,-1.6,93.9,-6.1,5
"9680","PORONGORUP",-34.6733,117.9,"BOM",2021-05-18,53.9,28.6,25.3,188.5,88.5,9
"9738","MUJA POWER STATION",-33.4489,116.3069,"BOM",2021-05-18,41.7,28.3,13.4,147.3,47.3,7
"9739","WELCOME DOWNS",-33.6528,122.3097,"BOM",2021-05-18,32.7,25.5,7.2,128.2,28.2,8
"9741","ALBANY AIRPORT",-34.9431,117.8008,"BOM",2021-05-18,77.9,34.75,43.15,224.2,124.2,10
"9746","WITCHCLIFFE",-34.0292,115.1028,"BOM",2021-05-18,35.5,62.5,-27,56.8,-43.2,3
"9752","DENBARKER",-34.7247,117.3478,"BOM",2021-05-18,53.6,34.7,18.9,154.5,54.5,8
"9754","METTLER",-34.5975,118.5506,"BOM",2021-05-18,80.4,25.05,55.35,321,221,10
"9769","CULFORD",-32.5731,116.4333,"BOM",2021-05-18,23.8,26.9,-3.1,88.5,-11.5,5
"9771","YOONGARILLUP",-33.7428,115.4683,"BOM",2021-05-18,38.9,41.2,-2.3,94.4,-5.6,5
"9772","ERINAIR",-33.7619,121.2153,"BOM",2021-05-18,40.8,27.5,13.3,148.4,48.4,8
"9784","KIMBERLEY",-34.9331,117.1589,"BOM",2021-05-18,56.6,54.9,1.7,103.1,3.1,7
"9789","ESPERANCE",-33.8308,121.8908,"BOM",2021-05-18,43.6,30.5,13.1,143,43,7
"9803","CHAPMAN HILL",-33.7842,115.3433,"BOM",2021-05-18,55.6,40.5,15.1,137.3,37.3,7
"9813","MOUNT HOWICK",-33.7306,122.7542,"BOM",2021-05-18,28.7,26.8,1.9,107.1,7.1,6
"9829","TALLANGATTA",-33.8911,120.3244,"BOM",2021-05-18,45.6,20.65,24.95,220.8,120.8,9
"9835","BALINGDALE",-34.4042,118.9681,"BOM",2021-05-18,52,23,29,226.1,126.1,9
"9842","JARRAHWOOD",-33.7986,115.6631,"BOM",2021-05-18,20.4,53.3,-32.9,38.3,-61.7,2
"9848","WINDRUSH",-34.7733,118.1303,"BOM",2021-05-18,132.9,30.55,102.35,435,335,10
"9867","LORINNA",-33.6522,122.0147,"BOM",2021-05-18,37.2,25.1,12.1,148.2,48.2,8
"9871","WINDY HARBOUR",-34.8383,116.0278,"BOM",2021-05-18,141.6,59.75,81.85,237,137,10
"9877","LUDLOW",-33.6036,115.4758,"BOM",2021-05-18,40.8,38.05,2.75,107.2,7.2,6
"9908","ONE TREE BRIDGE (HAZELMERE)",-34.2292,115.9258,"BOM",2021-05-18,26.7,54.3,-27.6,49.2,-50.8,2
"9914","VALERN",-33.3211,116.645,"BOM",2021-05-18,40.2,24.1,16.1,166.8,66.8,8
"9922","WEST LORT RIVER",-33.6494,121.1958,"BOM",2021-05-18,32.7,17.5,15.2,186.9,86.9,8
"9930","TAMARU",-34.8808,118.045,"BOM",2021-05-18,88.7,29.85,58.85,297.2,197.2,10
"9961","HOPETOUN NORTH",-33.9319,120.1264,"BOM",2021-05-18,48.2,21.75,26.45,221.6,121.6,9
"9964","ROCKY GULLY",-34.5725,117.0089,"BOM",2021-05-18,26.4,36.8,-10.4,71.7,-28.3,3
"9965","BUNBURY",-33.3578,115.6433,"BOM",2021-05-18,53.4,42.9,10.5,124.5,24.5,7
"9968","SHANNON",-34.5833,116.3444,"BOM",2021-05-18,13.5,61,-47.5,22.1,-77.9,1
"9977","MANDURAH",-32.5219,115.7119,"BOM",2021-05-18,28,37.6,-9.6,74.5,-25.5,3
"9994","COLLIE EAST",-33.3608,116.1717,"BOM",2021-05-18,38.4,42.3,-3.9,90.8,-9.2,5
"AM001","Amelup",-34.270827,118.268523,"DPIRD",2021-05-18,43.4,13.4,30,323.9,223.9,10
"AN001","Allanooka",-29.063612,114.997161,"DPIRD",2021-05-18,19,18.9,0.100000000000001,100.5,0.5,6
"BA","Badgingarra",-30.338049,115.539491,"DPIRD",2021-05-18,23.4,21.95,1.45,106.6,6.6,6
"BB001","Bindi Bindi",-30.59319,116.3527,"DPIRD",2021-05-18,15.4,17.7,-2.3,87,-13,5
"BC001","Bencubbin",-30.818056,117.864758,"DPIRD",2021-05-18,51.2,12.85,38.35,398.4,298.4,10
"BD","Mount Burdett",-33.410914,122.159201,"DPIRD",2021-05-18,24.6,22.6,2,108.8,8.8,6
"BD002","Mount Ney",-33.45305,122.45472,"DPIRD",2021-05-18,24.2,8.5,15.7,284.7,184.7,10
"BE001","Beacon",-30.4736,117.880394,"DPIRD",2021-05-18,55.8,10.95,44.85,509.6,409.6,10
"BG001","Kings Park",-31.95887,115.83821,"DPIRD",2021-05-18,38.6,30.6,8,126.1,26.1,6
"BI","Binnu",-28.051,114.69575,"DPIRD",2021-05-18,5.8,12.5,-6.7,46.4,-53.6,4
"BI002","Binnu West ",-28.014442,114.406062,"DPIRD",2021-05-18,6.2,4.4,1.8,140.9,40.9,10
"BJ","Brunswick Junction",-33.270855,115.79648,"DPIRD",2021-05-18,90.8,46.15,44.65,196.7,96.7,10
"BK001","Burakin",-30.52964,117.18067,"DPIRD",2021-05-18,26,13.7,12.3,189.8,89.8,8
"BN001","Brookton",-32.3868,117.01348,"DPIRD",2021-05-18,52.2,16.05,36.15,325.2,225.2,10
"BO001","Boyatup",-33.7599,123.124725,"DPIRD",2021-05-18,42.6,27.25,15.35,156.3,56.3,8
"BP001","Balingup",-33.7962,116.06398,"DPIRD",2021-05-18,39.2,42.85,-3.65,91.5,-8.5,5
"BR","Bonnie Rock",-30.599684,118.531384,"DPIRD",2021-05-18,31.6,11.1,20.5,284.7,184.7,9
"BR010","Broome (Skuthorpe)",-17.86165,122.4161,"DPIRD",2021-05-18,0.4,0.2,0.2,200,100,10
"BT001","Buntine West",-29.93843,116.34875,"DPIRD",2021-05-18,27,12,15,225,125,9
"BU","Mount Buraminya",-33.30968,123.07455,"DPIRD",2021-05-18,25.6,22.6,3,113.3,13.3,6
"BW001","Marradong",-32.85485,116.44993,"DPIRD",2021-05-18,20.2,34,-13.8,59.4,-40.6,4
"BX001","Bindoon",-31.398,116.101,"DPIRD",2021-05-18,39.2,31.1,8.09999999999999,126,26,7
"BY001","Bremer Bay",-34.382888,119.32666,"DPIRD",2021-05-18,82.6,31.8,50.8,259.7,159.7,10
"CA","Carnarvon 1",-24.858472,113.7168817,"DPIRD",2021-05-18,55.2,10.2,45,541.2,441.2,10
"CA001","Cascade",-33.495591,121.137904,"DPIRD",2021-05-18,36.8,16.95,19.85,217.1,117.1,8
"CD001","Cordering",-33.538306,116.606491,"DPIRD",2021-05-18,47.2,25.9,21.3,182.2,82.2,9
"CE001","Canna East",-28.849235,115.996978,"DPIRD",2021-05-18,8.2,15,-6.8,54.7,-45.3,4
"CE002","Carnamah East",-29.69999,116.14498,"DPIRD",2021-05-18,14.8,5.6,9.2,264.3,164.3,10
"CH","Chapman",-28.457779,114.776781,"DPIRD",2021-05-18,10.8,16.9,-6.1,63.9,-36.1,4
"CL001","Capel",-33.60946667,115.6406667,"DPIRD",2021-05-18,43.4,42.1,1.3,103.1,3.1,6
"CN001","Condingup",-33.752886,122.301357,"DPIRD",2021-05-18,70.2,23.7,46.5,296.2,196.2,10
"CO001","Corrigin",-32.34565,117.8078,"DPIRD",2021-05-18,62.4,11.4,51,547.4,447.4,10
"CO002","Corrigin East",-32.32285,118.0856,"DPIRD",2021-05-18,59.2,11.3,47.9,523.9,423.9,10
"CP001","Coomalbidgup",-33.74698,121.281884,"DPIRD",2021-05-18,42.4,28,14.4,151.4,51.4,8
"CP002","Cowalellup",-34.142386,118.591089,"DPIRD",2021-05-18,28.8,14.6,14.2,197.3,97.3,10
"CS002","Cascade NW",-33.33989,120.70436,"DPIRD",2021-05-18,35,16.15,18.85,216.7,116.7,9
"CS003","Cascade NE",-33.13,121.18686,"DPIRD",2021-05-18,31.2,13.4,17.8,232.8,132.8,9
"CW001","Coorow",-29.926466,115.975733,"DPIRD",2021-05-18,43.4,19.9,23.5,218.1,118.1,9
"DA","Dardanup",-33.33677,115.783505,"DPIRD",2021-05-18,82.2,46.15,36.05,178.1,78.1,9
"DA002","Dardanup 2",-33.38717,115.86655,"DPIRD",2021-05-18,111.6,40.3,71.3,276.9,176.9,10
"DB","Donnybrook",-33.550086,115.820249,"DPIRD",2021-05-18,85.2,54.6,30.6,156,56,9
"DG001","Dandaragan East ",-30.826939,115.763161,"DPIRD",2021-05-18,19.2,7.6,11.6,252.6,152.6,10
"DK001","Darkan",-33.26455,116.8262,"DPIRD",2021-05-18,29.8,17.6,12.2,169.3,69.3,8
"DM001","Denmark",-34.95226,117.370933,"DPIRD",2021-05-18,54.6,48.9,5.7,111.7,11.7,6
"DN001","Lort River",-33.504677,121.388708,"DPIRD",2021-05-18,35.8,3.8,32,942.1,842.1,10
"DP001","Dininnup",-33.800513,116.552662,"DPIRD",2021-05-18,36,31.9,4.1,112.9,12.9,6
"DR001","Dragon Rocks",-32.8497,119.038966,"DPIRD",2021-05-18,44.4,9,35.4,493.3,393.3,10
"DU001","Dumbleyung",-33.322317,117.749167,"DPIRD",2021-05-18,47,15.3,31.7,307.2,207.2,10
"DU002","Dumbleyung GRDC",-33.33905,117.784184,"DPIRD",2021-05-18,37.2,16,21.2,232.5,132.5,10
"EB","East Beverley",-32.142505,117.173785,"DPIRD",2021-05-18,79,14.9,64.1,530.2,430.2,10
"EJ001","Ejanding",-30.9932,117.1358,"DPIRD",2021-05-18,23.2,11.3,11.9,205.3,105.3,8
"EN001","Eneabba",-29.77764,115.31929,"DPIRD",2021-05-18,42.2,25.25,16.95,167.1,67.1,8
"ER","Eradu 2",-28.68825,114.974064,"DPIRD",2021-05-18,9,14.9,-5.9,60.4,-39.6,5
"ER002","Bindoo",-28.512249,115.216534,"DPIRD",2021-05-18,6,3.2,2.8,187.5,87.5,10
"ES","Esperance Downs",-33.609175,121.795591,"DPIRD",2021-05-18,43.8,25.7,18.1,170.4,70.4,9
"ES001","Erangy Springs",-28.84754,115.27215,"DPIRD",2021-05-18,5.6,12.6,-7,44.4,-55.6,3
"EW","Wickepin East",-32.743018,117.863876,"DPIRD",2021-05-18,52.6,13.8,38.8,381.2,281.2,10
"FL","Floreat Park",-31.951181,115.792334,"DPIRD",2021-05-18,37.4,29.85,7.55,125.3,25.3,6
"FR","Frankland",-34.36490058,116.9806311,"DPIRD",2021-05-18,12.2,28.3,-16.1,43.1,-56.9,2
"FR002","Frankland North ",-34.23782,117.040878,"DPIRD",2021-05-18,33.7,29,4.7,116.2,16.2,10
"GA001","Gairdner",-34.305433,119.09855,"DPIRD",2021-05-18,49.6,22.2,27.4,223.4,123.4,9
"GE001","Glen Eagle",-32.252814,116.141504,"DPIRD",2021-05-18,52.6,50,2.6,105.2,5.2,6
"GI001","Fouracres",-34.30745,115.549422,"DPIRD",2021-05-18,38.2,50.6,-12.4,75.5,-24.5,2
"GN002","Gnowangerup GRDC",-33.97145,118.01766,"DPIRD",2021-05-18,25.6,16.8,8.8,152.4,52.4,8
"GP001","Grass Patch",-33.2649722,121.5751111,"DPIRD",2021-05-18,30.6,14.45,16.15,211.8,111.8,8
"GU001","Gutha West",-29.058694,115.821458,"DPIRD",2021-05-18,8,15.9,-7.9,50.3,-49.7,4
"GW","Gingin West",-31.331817,115.603514,"DPIRD",2021-05-18,42.4,30.25,12.15,140.2,40.2,7
"HO","Mount Howick",-33.6615,122.709,"DPIRD",2021-05-18,27.4,26.25,1.15,104.4,4.4,6
"HR","Holt Rock",-32.572418,119.501014,"DPIRD",2021-05-18,57,10.8,46.2,527.8,427.8,10
"HV","Harvey",-33.062245,115.854561,"DPIRD",2021-05-18,26.2,43.9,-17.7,59.7,-40.3,3
"HY001","Hyden",-32.44397,118.8528,"DPIRD",2021-05-18,54.6,11.25,43.35,485.3,385.3,10
"JA001","Jarrahdale",-32.33423,116.07547,"DPIRD",2021-05-18,40.2,50,-9.8,80.4,-19.6,5
"JA002","Jarrahdale 2",-32.35142,116.0495,"DPIRD",2021-05-18,52.6,50.2,2.4,104.8,4.8,6
"JB001","Jurien Bay",-30.29605,115.2213,"DPIRD",2021-05-18,24.2,30.85,-6.65,78.4,-21.6,5
"JE","Jerramungup",-33.7698,118.9124,"DPIRD",2021-05-18,0,13.2,-13.2,0,-100,1
"JP001","Jerdacuttup",-33.77361,120.45667,"DPIRD",2021-05-18,48.2,15.8,32.4,305.1,205.1,10
"KA","Katanning",-33.683085,117.611931,"DPIRD",2021-05-18,35.4,15.9,19.5,222.6,122.6,9
"KA002","Katanning GRDC",-33.8125,117.5785,"DPIRD",2021-05-18,31.2,18.3,12.9,170.5,70.5,8
"KA003","Katanning NG In",-33.683424,117.582187,"DPIRD",2021-05-18,33,15.9,17.1,207.5,107.5,8
"KA004","Katanning NG Out",-33.683383,117.582009,"DPIRD",2021-05-18,38.4,15.9,22.5,241.5,141.5,9
"KARI","Karijini",-22.493556,118.47145,"DPIRD",2021-05-18,29.6,8.75,20.85,338.3,238.3,9
"KD001","Kondinin",-32.46288,118.2694,"DPIRD",2021-05-18,38.6,12.7,25.9,303.9,203.9,10
"KE001","Kellerberrin",-31.6179,117.7203,"DPIRD",2021-05-18,34.4,12,22.4,286.7,186.7,9
"KE002","Kellerberrin North",-31.32719,117.77972,"DPIRD",2021-05-18,31.6,10.95,20.65,288.6,188.6,9
"KI001","Kulin",-32.79448,118.31688,"DPIRD",2021-05-18,69.6,12.5,57.1,556.8,456.8,10
"KL","Kalannie",-30.343053,117.117319,"DPIRD",2021-05-18,18.8,12.8,6,146.9,46.9,7
"KL002","Goodlands",-30.034942,117.240167,"DPIRD",2021-05-18,29,14.7,14.3,197.3,97.3,9
"KN","Kununurra",-15.65758333,128.7152778,"DPIRD",2021-05-18,0,4.5,-4.5,0,-100,1
"KO001","Koorda",-30.828382,117.501453,"DPIRD",2021-05-18,37.8,13.7,24.1,275.9,175.9,9
"KO002","Kojaneerup South ",-34.575486,118.260501,"DPIRD",2021-05-18,53.2,18.4,34.8,289.1,189.1,10
"KP001","Newlands",-33.65428333,115.8671167,"DPIRD",2021-05-18,66.8,45.6,21.2,146.5,46.5,7
"KR001","Karridale",-34.227964,115.143141,"DPIRD",2021-05-18,48.8,52.5,-3.7,93,-7,5
"KW001","Kweda",-32.3153,117.41553,"DPIRD",2021-05-18,74.8,14.3,60.5,523.1,423.1,10
"LA001","Latham",-29.7974,116.5539,"DPIRD",2021-05-18,12.4,12,0.4,103.3,3.3,6
"LE","Lancelin East",-30.884833,115.407943,"DPIRD",2021-05-18,40.6,31.5,9.1,128.9,28.9,6
"LG","Logue Brook",-32.99347,115.93958,"DPIRD",2021-05-18,44,45.65,-1.65,96.4,-3.6,5
"LK","Lake King",-33.025421,119.800027,"DPIRD",2021-05-18,56.2,12,44.2,468.3,368.3,10
"LR001","Ridley North",-33.168906,121.918862,"DPIRD",2021-05-18,26.6,2.6,24,1023.1,923.1,10
"MA002","Manjimup HRS",-34.299334,116.127309,"DPIRD",2021-05-18,16.8,47.9,-31.1,35.1,-64.9,1
"MA003","Yanmah",-34.225653,116.017767,"DPIRD",2021-05-18,15.6,54.3,-38.7,28.7,-71.3,1
"MB","Mount Barker",-34.634208,117.539373,"DPIRD",2021-05-18,25,27.4,-2.4,91.2,-8.8,5
"MB002","Kendenup West",-34.45003,117.498986,"DPIRD",2021-05-18,14.4,25.1,-10.7,57.4,-42.6,3
"MC001","McAlinden",-33.599765,116.26332,"DPIRD",2021-05-18,55,28.3,26.7,194.3,94.3,8
"MD","Medina",-32.220729,115.807593,"DPIRD",2021-05-18,27,35.6,-8.6,75.8,-24.2,4
"MD001","Mt Madden East",-33.183297,120.08432,"DPIRD",2021-05-18,34,12.3,21.7,276.4,176.4,9
"ME","Merredin",-31.493128,118.226202,"DPIRD",2021-05-18,41.6,11.7,29.9,355.6,255.6,10
"ME002","Merredin NG In",-31.485436,118.220944,"DPIRD",2021-05-18,20.8,11.1,9.7,187.4,87.4,8
"ME003","Merredin NG Out",-31.484965,118.221424,"DPIRD",2021-05-18,39.8,11.1,28.7,358.6,258.6,9
"ME004","Belka East",-31.7285278,118.2979722,"DPIRD",2021-05-18,37,12.15,24.85,304.5,204.5,9
"ME005","Moorine Rock",-31.4139944,119.0341806,"DPIRD",2021-05-18,48.8,10.7,38.1,456.1,356.1,10
"MG001","Magenta",-33.27912,119.16365,"DPIRD",2021-05-18,36.2,11.9,24.3,304.2,204.2,9
"MI","Mingenew",-29.28453,115.391097,"DPIRD",2021-05-18,15.6,20.1,-4.5,77.6,-22.4,5
"MI002","Mingenew NW",-29.151679,115.385086,"DPIRD",2021-05-18,8.8,16.2,-7.4,54.3,-45.7,4
"MK","Muresk",-31.72772,116.69127,"DPIRD",2021-05-18,72.8,15.35,57.45,474.3,374.3,10
"ML001","Warradarge East",-30.039117,115.49881,"DPIRD",2021-05-18,44.4,21.2,23.2,209.4,109.4,8
"MN","Meckering North",-31.405917,117.159128,"DPIRD",2021-05-18,32.6,11,21.6,296.4,196.4,9
"MO","Morawa",-29.220353,115.997377,"DPIRD",2021-05-18,14,12.8,1.2,109.4,9.4,6
"MP","Manypeaks",-34.76794444,118.2245556,"DPIRD",2021-05-18,136.2,27.4,108.8,497.1,397.1,10
"MP002","Munglinup",-33.78222,120.813056,"DPIRD",2021-05-18,37,24.8,12.2,149.2,49.2,10
"MR001","Wilyabrup",-33.7919,115.06367,"DPIRD",2021-05-18,62.6,59.2,3.4,105.7,5.7,6
"MR002","Margaret River",-33.971865,115.105013,"DPIRD",2021-05-18,58.4,54.8,3.6,106.6,6.6,6
"MS001","Mayanup South",-34.030905,116.512452,"DPIRD",2021-05-18,20.4,29.8,-9.4,68.5,-31.5,3
"MU","Mullewa",-28.588141,115.446142,"DPIRD",2021-05-18,8.8,9.4,-0.6,93.6,-6.4,5
"MU001","Mukinbudin",-30.9187,118.2506,"DPIRD",2021-05-18,63.6,7.9,55.7,805.1,705.1,10
"MU002","Pindar South",-28.537305,115.781629,"DPIRD",2021-05-18,6.8,13,-6.2,52.3,-47.7,1
"MX001","Milyeannup",-34.250121,115.447536,"DPIRD",2021-05-18,50.6,52.5,-1.9,96.4,-3.6,5
"MY","Myalup",-33.095181,115.718887,"DPIRD",2021-05-18,39,45.25,-6.25,86.2,-13.8,5
"MZ","Moora",-30.659595,116.00015,"DPIRD",2021-05-18,15.4,17.65,-2.25,87.3,-12.7,5
"MZ002","Moora NW",-30.612997,115.897434,"DPIRD",2021-05-18,13,17.9,-4.9,72.6,-27.4,4
"NA001","Narrogin",-32.92622,117.07455,"DPIRD",2021-05-18,61,19.4,41.6,314.4,214.4,10
"NA003","Narrikup",-34.759399,117.893904,"DPIRD",2021-05-18,62.6,29,33.6,215.9,115.9,10
"NB001","Narembeen",-32.10805,118.40635,"DPIRD",2021-05-18,40.4,11.4,29,354.4,254.4,10
"NB002","Mt Walker",-32.055417,118.81817,"DPIRD",2021-05-18,61.8,11.3,50.5,546.9,446.9,10
"NE","Newdegate",-33.112956,118.839964,"DPIRD",2021-05-18,36.4,14.2,22.2,256.3,156.3,9
"NL001","Northcliffe",-34.653996,116.144368,"DPIRD",2021-05-18,44,65.9,-21.9,66.8,-33.2,3
"NN001","New Norcia",-31.08078,116.19989,"DPIRD",2021-05-18,31,18.95,12.05,163.6,63.6,7
"NO","Northam",-31.651611,116.694194,"DPIRD",2021-05-18,66.8,18.1,48.7,369.1,269.1,10
"NU001","Nannup",-33.937097,115.794999,"DPIRD",2021-05-18,14.2,43.65,-29.45,32.5,-67.5,2
"NU002","Nannup 2 (Carlotta)",-34.0933,115.78282,"DPIRD",2021-05-18,19.4,45.8,-26.4,42.4,-57.6,2
"NW001","Northampton West",-28.300442,114.508197,"DPIRD",2021-05-18,14.8,8.2,6.6,180.5,80.5,10
"NY001","Nyabing",-33.43895,118.2807,"DPIRD",2021-05-18,48.8,17.8,31,274.2,174.2,10
"NY002","Nyabing GRDC",-33.60975,118.1175,"DPIRD",2021-05-18,57.4,17.35,40.05,330.8,230.8,10
"ON001","Ongerup North",-33.816167,118.484433,"DPIRD",2021-05-18,40.8,13.9,26.9,293.5,193.5,10
"ON002","Ongerup GRDC",-33.89915,118.46782,"DPIRD",2021-05-18,41.6,13.9,27.7,299.3,199.3,10
"PG001","Pingrup East",-33.476847,118.719161,"DPIRD",2021-05-18,47.6,13.9,33.7,342.4,242.4,10
"PI001","Pinjarra",-32.695554,115.916265,"DPIRD",2021-05-18,27,42.85,-15.85,63,-37,3
"PJ001","Perenjori",-29.42313,116.28129,"DPIRD",2021-05-18,13.6,13.45,0.15,101.1,1.1,6
"PL001","Stirlings South",-34.553593,117.928297,"DPIRD",2021-05-18,26,19,7,136.8,36.8,7
"PM","Pemberton",-34.40913889,115.9105,"DPIRD",2021-05-18,22.2,70.7,-48.5,31.4,-68.6,1
"PN001","Pingaring",-32.7340833,118.627139,"DPIRD",2021-05-18,34.2,11.75,22.45,291.1,191.1,9
"PO001","Popanyinning",-32.65273683,117.088849,"DPIRD",2021-05-18,67.2,16.2,51,414.8,314.8,10
"PY001","Pingelly West",-32.5064167,116.9779167,"DPIRD",2021-05-18,72.6,15.8,56.8,459.5,359.5,10
"QA001","Qualeup",-33.8821,116.84215,"DPIRD",2021-05-18,27.4,19.5,7.9,140.5,40.5,7
"QD001","Quairading",-32.0062,117.4165,"DPIRD",2021-05-18,39.4,13.9,25.5,283.5,183.5,10
"QP001","Quininup",-34.445522,116.233982,"DPIRD",2021-05-18,17.6,61,-43.4,28.9,-71.1,1
"RA","Ravensthorpe",-33.435863,119.730175,"DPIRD",2021-05-18,40.2,13,27.2,309.2,209.2,9
"RB001","Rosa Brook",-33.936255,115.219066,"DPIRD",2021-05-18,38,58.55,-20.55,64.9,-35.1,3
"RF001","Regans Ford",-31.00103,115.680233,"DPIRD",2021-05-18,29.6,26.6,3,111.3,11.3,10
"ROGR","Rolling Green",-31.69527,116.3184,"DPIRD",2021-05-18,47.4,31.9,15.5,148.6,48.6,7
"SB001","Burracoppin South",-31.58752,118.6972,"DPIRD",2021-05-18,75,13.7,61.3,547.4,447.4,10
"SB002","Muntadgin East",-31.735761,118.85894,"DPIRD",2021-05-18,66.8,6.6,60.2,1012.1,912.1,10
"SC","Scaddan",-33.428789,121.584967,"DPIRD",2021-05-18,43,14.45,28.55,297.6,197.6,9
"SG","Salmon Gums",-32.997093,121.622136,"DPIRD",2021-05-18,28.8,13.5,15.3,213.3,113.3,8
"SG002","Kumarl",-32.727378,121.552289,"DPIRD",2021-05-18,25.5,0.8,24.7,3187.5,3087.5,10
"SH001","Shackelton",-31.9456,117.8383,"DPIRD",2021-05-18,40.2,11.4,28.8,352.6,252.6,10
"SH002","Babakin",-32.12548,118.00406,"DPIRD",2021-05-18,47.6,10.8,36.8,440.7,340.7,10
"SN001","Stirlings North",-34.22785,117.915,"DPIRD",2021-05-18,35.2,15.8,19.4,222.8,122.8,9
"SP","South Perth",-31.991043,115.886068,"DPIRD",2021-05-18,27.4,29.65,-2.25,92.4,-7.6,5
"SR001","Scott River",-34.25065,115.28935,"DPIRD",2021-05-18,44,52.5,-8.5,83.8,-16.2,4
"TA001","Tammin",-31.587308,117.47004,"DPIRD",2021-05-18,28.6,12.8,15.8,223.4,123.4,9
"TB001","Tone Bridge",-34.22258,116.70422,"DPIRD",2021-05-18,14.6,33.8,-19.2,43.2,-56.8,2
"TS001","Three Springs",-29.52322,115.85893,"DPIRD",2021-05-18,33.2,18.2,15,182.4,82.4,8
"TS002","Dudawa",-29.27243,115.725056,"DPIRD",2021-05-18,8.2,15.4,-7.2,53.2,-46.8,4
"TU001","Tunney",-34.106117,117.359367,"DPIRD",2021-05-18,31,19,12,163.2,63.2,7
"TU002","Jingalup",-34.095592,117.028428,"DPIRD",2021-05-18,20,39.6,-19.6,50.5,-49.5,1
"TW001","Trayning West",-31.1151,117.7207,"DPIRD",2021-05-18,35.6,13.2,22.4,269.7,169.7,9
"TW002","Wongoondy",-28.825435,115.565959,"DPIRD",2021-05-18,8.3,4.4,3.9,188.6,88.6,10
"VA","Vasse",-33.752861,115.359807,"DPIRD",2021-05-18,65.4,40.7,24.7,160.7,60.7,8
"WA001","Wagin",-33.317465,117.356935,"DPIRD",2021-05-18,65.4,16.75,48.65,390.4,290.4,10
"WD001","Woodanilling",-33.5634,117.1732083,"DPIRD",2021-05-18,18,15.9,2.1,113.2,13.2,6
"WE","Wellstead",-34.49166667,118.6191667,"DPIRD",2021-05-18,81.4,21.25,60.15,383.1,283.1,10
"WH","Wongan Hills",-30.844029,116.728123,"DPIRD",2021-05-18,28.6,16,12.6,178.8,78.8,8
"WI","Wickepin",-32.892121,117.767422,"DPIRD",2021-05-18,59.4,14.8,44.6,401.4,301.4,10
"WI002","Wickepin North",-32.7202417,117.4948333,"DPIRD",2021-05-18,74.8,14.4,60.4,519.4,419.4,10
"WL001","Williams",-33.0368,116.8228,"DPIRD",2021-05-18,31.2,20.35,10.85,153.3,53.3,7
"WN","Wanneroo",-31.583153,115.694155,"DPIRD",2021-05-18,44.2,37.7,6.49999999999999,117.2,17.2,7
"WO001","Watheroo",-30.30723,116.07002,"DPIRD",2021-05-18,21.2,16.7,4.5,126.9,26.9,7
"WR","Waroona",-32.856145,115.894339,"DPIRD",2021-05-18,31.5,42.95,-11.45,73.3,-26.7,4
"WR001","West River",-33.687344,119.64875,"DPIRD",2021-05-18,30.6,16.3,14.3,187.7,87.7,9
"WS001","Westonia",-31.2283,118.5931,"DPIRD",2021-05-18,67.6,11.6,56,582.8,482.8,10
"YE001","York East",-31.832767,116.921164,"DPIRD",2021-05-18,59.2,13.95,45.25,424.4,324.4,10
"YS","Yilgarn",-31.915622,119.256055,"DPIRD",2021-05-18,51.6,10.4,41.2,496.2,396.2,10
"YU001","Yuna",-28.33763,114.9898,"DPIRD",2021-05-18,8.8,15.7,-6.9,56.1,-43.9,5
"YU002","Yuna NE",-28.20929,115.27652,"DPIRD",2021-05-18,4.4,9.55,-5.15,46.1,-53.9,4
"YU003","Yuna North ",-28.120861,114.962611,"DPIRD",2021-05-18,13.2,1.1,12.1,1200,1100,10
